<?xml version="1.0" encoding="UTF-8"?>
<beans xmlns="http://www.springframework.org/schema/beans"
	xmlns:xsi="http://www.w3.org/2001/XMLSchema-instance"
	xmlns:tx="http://www.springframework.org/schema/tx"
	xmlns:aop="http://www.springframework.org/schema/aop"
	xmlns:context="http://www.springframework.org/schema/context"
	xsi:schemaLocation="http://www.springframework.org/schema/beans https://www.springframework.org/schema/beans/spring-beans.xsd
		http://www.springframework.org/schema/context http://www.springframework.org/schema/context/spring-context-4.2.xsd
		http://www.springframework.org/schema/aop http://www.springframework.org/schema/aop/spring-aop-4.2.xsd
		http://www.springframework.org/schema/tx http://www.springframework.org/schema/tx/spring-tx-4.2.xsd">
	
	<!-- Root Context: defines shared resources visible to all other web components -->
	<bean id= "dataSource" class = "org.apache.commons.dbcp.BasicDataSource" destroy-method="close">
		<property name = "driverClassName" value = "oracle.jdbc.driver.OracleDriver" />
		<property name = "url" value = "jdbc:oracle:thin:@localhost:1521:XE" /> 
		<property name = "username" value= "hr2" />
		<property name = "password" value= "1234" /> 
	</bean>	
	
	<!-- Spring JDBC 설정 : JDBCTemplate 객체생성해서 DI   -->
	<bean id = "jdbcTemplate" class = "org.springframework.jdbc.core.JdbcTemplate">
		<property name = "dataSource" ref = "dataSource" /> 
	</bean>
	
	<!--  MyBatis 설정 : SQL SessionFactory 생성 , DB 연결 설정 까지 구성됨.  -->
	<bean id="sqlSessionFactory" class = "org.mybatis.spring.SqlSessionFactoryBean">
		<property name="dataSource" ref="dataSource" />
		<property name="configLocation"  value="classpath:mybatis-config.xml"/>
		<property name="mapperLocations" value="classpath*:mapper/*Mapper.xml"/>
	</bean>
	
	<bean id="sqlSession" class="org.mybatis.spring.SqlSessionTemplate">
		<constructor-arg ref="sqlSessionFactory"/>
	</bean>
	
	<bean id="transactionManager" class="org.springframework.jdbc.datasource.DataSourceTransactionManager">
			<property name="dataSource" ref="dataSource"/>
		</bean>	
		
		<!--트랜젝션을 어노테이션으로 서용하는 xml설정-->
		<tx:annotation-driven/>
	
</beans>
